interface_id,kind,label,method,path_or_interface,data_type,package,field_count,fields_json,usage_count,modules,relationships,verified_example_ids,verified_phases,source_evidence,standalone_doc
http:DELETE /api/assistant/conversations/{conversation_id},http_endpoint,DELETE /api/assistant/conversations/{conversation_id},DELETE,/api/assistant/conversations/{conversation_id},,,0,[],2,Browser UI; FastAPI Adapter,Browser UI: resetAssistantConversation; FastAPI Adapter: handled by reset_conversation,,,src/c2_imugs2/api/routers.py:313,http/delete-api-assistant-conversations-conversation-id.md
http:DELETE /api/map/features/{feature_id},http_endpoint,DELETE /api/map/features/{feature_id},DELETE,/api/map/features/{feature_id},,,0,[],2,Browser UI; FastAPI Adapter,Browser UI: deleteMapFeature; FastAPI Adapter: handled by delete_map_feature,,,src/c2_imugs2/api/app.py:288,http/delete-api-map-features-feature-id.md
http:DELETE /api/missions/{mission_id},http_endpoint,DELETE /api/missions/{mission_id},DELETE,/api/missions/{mission_id},,,0,[],2,Browser UI; FastAPI Adapter,Browser UI: forgetMission; FastAPI Adapter: handled by forget,,,src/c2_imugs2/api/routers.py:209,http/delete-api-missions-mission-id.md
http:GET /api/agents,http_endpoint,GET /api/agents,GET,/api/agents,,,0,[],1,FastAPI Adapter,FastAPI Adapter: handled by agents,canonical_agent,robot discovery,src/c2_imugs2/api/app.py:346,http/get-api-agents.md
http:GET /api/assistant/operational-picture,http_endpoint,GET /api/assistant/operational-picture,GET,/api/assistant/operational-picture,,,0,[],1,FastAPI Adapter,FastAPI Adapter: handled by operational_picture,,,src/c2_imugs2/api/routers.py:260,http/get-api-assistant-operational-picture.md
http:GET /api/assistant/status,http_endpoint,GET /api/assistant/status,GET,/api/assistant/status,,,0,[],2,Browser UI; FastAPI Adapter,Browser UI: getAssistantStatus; FastAPI Adapter: handled by assistant_status,,,src/c2_imugs2/api/routers.py:256,http/get-api-assistant-status.md
http:GET /api/contracts,http_endpoint,GET /api/contracts,GET,/api/contracts,,,0,[],2,Browser UI; FastAPI Adapter,Browser UI: getContracts; FastAPI Adapter: handled by contracts,,,src/c2_imugs2/api/app.py:212,http/get-api-contracts.md
http:GET /api/diagnostics,http_endpoint,GET /api/diagnostics,GET,/api/diagnostics,,,0,[],2,Browser UI; FastAPI Adapter,Browser UI: getDiagnostics; FastAPI Adapter: handled by diagnostics,,,src/c2_imugs2/api/app.py:186,http/get-api-diagnostics.md
http:GET /api/events,http_endpoint,GET /api/events,GET,/api/events,,,0,[],1,FastAPI Adapter,FastAPI Adapter: handled by events,,,src/c2_imugs2/api/app.py:399,http/get-api-events.md
http:GET /api/health,http_endpoint,GET /api/health,GET,/api/health,,,0,[],1,FastAPI Adapter,FastAPI Adapter: handled by health,,,src/c2_imugs2/api/app.py:170,http/get-api-health.md
http:GET /api/legacy/trace,http_endpoint,GET /api/legacy/trace,GET,/api/legacy/trace,,,0,[],2,Browser UI; FastAPI Adapter,Browser UI: getLegacyTrace; FastAPI Adapter: handled by legacy_trace,,,src/c2_imugs2/api/app.py:225,http/get-api-legacy-trace.md
http:GET /api/map/features,http_endpoint,GET /api/map/features,GET,/api/map/features,,,0,[],1,FastAPI Adapter,FastAPI Adapter: handled by map_features,,,src/c2_imugs2/api/app.py:267,http/get-api-map-features.md
http:GET /api/map/osm-roads,http_endpoint,GET /api/map/osm-roads,GET,/api/map/osm-roads,,,0,[],2,Browser UI; FastAPI Adapter,Browser UI: getOsmRoads; FastAPI Adapter: handled by osm_roads,,,src/c2_imugs2/api/app.py:316,http/get-api-map-osm-roads.md
http:GET /api/mission-examples,http_endpoint,GET /api/mission-examples,GET,/api/mission-examples,,,0,[],2,Browser UI; FastAPI Adapter,Browser UI: getMissionExamples; FastAPI Adapter: handled by mission_examples,,,src/c2_imugs2/api/app.py:382,http/get-api-mission-examples.md
http:GET /api/missions/{mission_id},http_endpoint,GET /api/missions/{mission_id},GET,/api/missions/{mission_id},,,0,[],2,Browser UI; FastAPI Adapter,Browser UI: getMissionState; FastAPI Adapter: handled by get_mission,,,src/c2_imugs2/api/routers.py:187,http/get-api-missions-mission-id.md
http:GET /api/planning/diagnostics,http_endpoint,GET /api/planning/diagnostics,GET,/api/planning/diagnostics,,,0,[],2,Browser UI; FastAPI Adapter,Browser UI: getPlanningDiagnostics; FastAPI Adapter: handled by planning_diagnostics,,,src/c2_imugs2/api/app.py:205,http/get-api-planning-diagnostics.md
http:GET /api/runtime/bootstrap,http_endpoint,GET /api/runtime/bootstrap,GET,/api/runtime/bootstrap,,,0,[],2,Browser UI; FastAPI Adapter,Browser UI: getRuntimeBootstrap; FastAPI Adapter: handled by runtime_bootstrap,,,src/c2_imugs2/api/app.py:466,http/get-api-runtime-bootstrap.md
http:GET /api/scenarios,http_endpoint,GET /api/scenarios,GET,/api/scenarios,,,0,[],2,Browser UI; FastAPI Adapter,Browser UI: getScenarios; FastAPI Adapter: handled by catalog,,,src/c2_imugs2/api/routers.py:219,http/get-api-scenarios.md
http:GET /api/scenarios/active,http_endpoint,GET /api/scenarios/active,GET,/api/scenarios/active,,,0,[],2,Browser UI; FastAPI Adapter,Browser UI: getActiveScenario; FastAPI Adapter: handled by active,,,src/c2_imugs2/api/routers.py:226,http/get-api-scenarios-active.md
http:POST /api/assistant/messages,http_endpoint,POST /api/assistant/messages,POST,/api/assistant/messages,,,0,[],2,Browser UI; FastAPI Adapter,Browser UI: sendAssistantMessage; FastAPI Adapter: handled by send_message,,,src/c2_imugs2/api/routers.py:278,http/post-api-assistant-messages.md
http:POST /api/map/features,http_endpoint,POST /api/map/features,POST,/api/map/features,,,0,[],2,Browser UI; FastAPI Adapter,Browser UI: createMapFeature; FastAPI Adapter: handled by create_map_feature,,,src/c2_imugs2/api/app.py:274,http/post-api-map-features.md
http:POST /api/map/osm-roads/query,http_endpoint,POST /api/map/osm-roads/query,POST,/api/map/osm-roads/query,,,0,[],2,Browser UI; FastAPI Adapter,Browser UI: queryOsmRoads; FastAPI Adapter: handled by query_osm_roads,,,src/c2_imugs2/api/app.py:320,http/post-api-map-osm-roads-query.md
http:POST /api/missions/init,http_endpoint,POST /api/missions/init,POST,/api/missions/init,,,0,[],2,Browser UI; FastAPI Adapter,Browser UI: initMission; FastAPI Adapter: handled by init_mission,canonical_mission_config,INIT,src/c2_imugs2/api/routers.py:180,http/post-api-missions-init.md
http:POST /api/missions/{mission_id}/approve,http_endpoint,POST /api/missions/{mission_id}/approve,POST,/api/missions/{mission_id}/approve,,,0,[],2,Browser UI; FastAPI Adapter,Browser UI: approveMission; FastAPI Adapter: handled by approve,approve_http,APPROVE,src/c2_imugs2/api/routers.py:195,http/post-api-missions-mission-id-approve.md
http:POST /api/missions/{mission_id}/start,http_endpoint,POST /api/missions/{mission_id}/start,POST,/api/missions/{mission_id}/start,,,0,[],2,Browser UI; FastAPI Adapter,Browser UI: startMission; FastAPI Adapter: handled by start,start_http,START,src/c2_imugs2/api/routers.py:202,http/post-api-missions-mission-id-start.md
http:POST /api/scenarios/activate,http_endpoint,POST /api/scenarios/activate,POST,/api/scenarios/activate,,,0,[],2,Browser UI; FastAPI Adapter,Browser UI: launchScenario; FastAPI Adapter: handled by activate,,,src/c2_imugs2/api/routers.py:231,http/post-api-scenarios-activate.md
http:POST /api/scenarios/launch,http_endpoint,POST /api/scenarios/launch,POST,/api/scenarios/launch,,,0,[],1,FastAPI Adapter,FastAPI Adapter: handled by activate,,,src/c2_imugs2/api/routers.py:231,http/post-api-scenarios-launch.md
http:POST /api/testing/reset-legacy-runtime,http_endpoint,POST /api/testing/reset-legacy-runtime,POST,/api/testing/reset-legacy-runtime,,,0,[],2,Browser UI; FastAPI Adapter,Browser UI: resetLegacyRuntime; FastAPI Adapter: handled by reset_legacy_runtime,,,src/c2_imugs2/api/app.py:256,http/post-api-testing-reset-legacy-runtime.md
http:PUT /api/map/features/{feature_id},http_endpoint,PUT /api/map/features/{feature_id},PUT,/api/map/features/{feature_id},,,0,[],2,Browser UI; FastAPI Adapter,Browser UI: updateMapFeature; FastAPI Adapter: handled by update_map_feature,,,src/c2_imugs2/api/app.py:300,http/put-api-map-features-feature-id.md
schema:agent_profile.schema.json,json_schema,AgentProfile,,schemas/agent_profile.schema.json,,,7,"[{""name"":""agent_id"",""type"":""string"",""section"":""required""},{""name"":""name"",""type"":""string"",""section"":""optional""},{""name"":""vehicle_type"",""type"":""string"",""section"":""optional""},{""name"":""status"",""type"":""string"",""section"":""optional""},{""name"":""current_location"",""type"":""array"",""section"":""required""},{""name"":""constraints"",""type"":""object"",""section"":""optional""},{""name"":""capabilities"",""type"":""array"",""section"":""optional""}]",0,,,agent_profile,robot discovery,schemas/agent_profile.schema.json:1,schemas/agent-profile.md
schema:map_feature.schema.json,json_schema,MapFeature,,schemas/map_feature.schema.json,,,5,"[{""name"":""feature_id"",""type"":""string"",""section"":""required""},{""name"":""name"",""type"":""string"",""section"":""optional""},{""name"":""feature_type"",""type"":""string"",""section"":""required""},{""name"":""geometry"",""type"":""object"",""section"":""required""},{""name"":""properties"",""type"":""object"",""section"":""optional""}]",0,,,,,schemas/map_feature.schema.json:1,schemas/map-feature.md
schema:mission_config.schema.json,json_schema,MissionConfig,,schemas/mission_config.schema.json,,,10,"[{""name"":""schema_version"",""type"":""string"",""section"":""optional""},{""name"":""mission_id"",""type"":""string"",""section"":""required""},{""name"":""phase"",""type"":""integer"",""section"":""optional""},{""name"":""name"",""type"":""string"",""section"":""optional""},{""name"":""behavior"",""type"":""integer"",""section"":""required""},{""name"":""vehicles"",""type"":""array"",""section"":""required""},{""name"":""start"",""type"":""object"",""section"":""optional""},{""name"":""transit"",""type"":""object"",""section"":""optional""},{""name"":""objective"",""type"":""object"",""section"":""required""},{""name"":""mission_end_time"",""type"":""string"",""section"":""optional""}]",0,,,canonical_mission_config,INIT,schemas/mission_config.schema.json:1,schemas/mission-config.md
schema:task_plan.schema.json,json_schema,TaskPlan,,schemas/task_plan.schema.json,,,2,"[{""name"":""mission_id"",""type"":""string"",""section"":""required""},{""name"":""tasks"",""type"":""object"",""section"":""required""}]",0,,,task_plan_excerpt,plan retrieval,schemas/task_plan.schema.json:1,schemas/task-plan.md
ros:service:/multi_robot/planner/create,ros_service,/multi_robot/planner/create,,/multi_robot/planner/create,centralized_msgs/srv/CreatePlanner,,6,"[{""section"":""request"",""type"":""string"",""name"":""id""},{""section"":""request"",""type"":""uint8"",""name"":""priority""},{""section"":""request"",""type"":""Agent[]"",""name"":""agents""},{""section"":""request"",""type"":""string"",""name"":""config""},{""section"":""response"",""type"":""string"",""name"":""id""},{""section"":""response"",""type"":""uint8"",""name"":""state""}]",2,Centralized Coordination; Legacy Planner,Centralized Coordination: calls; Legacy Planner: provides,planner_create,planning,backend/fog/centralized-coordination/src/centralized_coordination/src/mission_manager.cpp:56; backend/fog/planner/ros2ws/src/planner/planner/planner_node.py:141,ros-services/multi-robot-planner-create.md
ros:service:/multi_robot/planner/delete_planner,ros_service,/multi_robot/planner/delete_planner,,/multi_robot/planner/delete_planner,centralized_msgs/srv/DeletePlanner,,3,"[{""section"":""request"",""type"":""string"",""name"":""id""},{""section"":""response"",""type"":""string"",""name"":""id""},{""section"":""response"",""type"":""uint8"",""name"":""state""}]",1,Legacy Planner,Legacy Planner: provides,,,backend/fog/planner/ros2ws/src/planner/planner/planner_node.py:147,ros-services/multi-robot-planner-delete-planner.md
ros:service:/multi_robot/planner/get_plan,ros_service,/multi_robot/planner/get_plan,,/multi_robot/planner/get_plan,centralized_msgs/srv/GetPlan,,3,"[{""section"":""request"",""type"":""string"",""name"":""id""},{""section"":""response"",""type"":""string"",""name"":""id""},{""section"":""response"",""type"":""string"",""name"":""plan""}]",2,Centralized Coordination; Legacy Planner,Centralized Coordination: calls; Legacy Planner: provides,get_plan,plan retrieval,backend/fog/centralized-coordination/src/centralized_coordination/src/mission_manager.cpp:53; backend/fog/planner/ros2ws/src/planner/planner/planner_node.py:144,ros-services/multi-robot-planner-get-plan.md
ros:service:/multi_robot/planner/set_agents,ros_service,/multi_robot/planner/set_agents,,/multi_robot/planner/set_agents,centralized_msgs/srv/UpdatePlannerAgents,,3,"[{""section"":""request"",""type"":""string"",""name"":""id""},{""section"":""request"",""type"":""Agent[]"",""name"":""agents""},{""section"":""response"",""type"":""string"",""name"":""id""}]",1,Centralized Coordination,Centralized Coordination: calls,,,backend/fog/centralized-coordination/src/centralized_coordination/src/mission_manager.cpp:59,ros-services/multi-robot-planner-set-agents.md
ros:service:multi_robot/cmd,ros_service,multi_robot/cmd,,multi_robot/cmd,std_srvs::srv::Trigger,,0,[],1,Centralized Coordination,Centralized Coordination: provides,,,backend/fog/centralized-coordination/src/centralized_coordination/src/orchestrator_node.cpp:70,ros-services/multi-robot-cmd.md
ros:service:multi_robot/delete_mission,ros_service,multi_robot/delete_mission,,multi_robot/delete_mission,c2_msgs/srv/ChangeMissionStatus,,5,"[{""section"":""request"",""type"":""unique_identifier_msgs/UUID"",""name"":""mission_id""},{""section"":""request"",""type"":""uint8"",""name"":""mission_request_status""},{""section"":""response"",""type"":""unique_identifier_msgs/UUID"",""name"":""mission_id""},{""section"":""response"",""type"":""uint8"",""name"":""mission_status""},{""section"":""response"",""type"":""string<=2000"",""name"":""error_message""}]",2,Centralized Coordination,Centralized Coordination: calls; Centralized Coordination: provides,,,backend/fog/centralized-coordination/src/centralized_coordination/src/mission_manager.cpp:84; backend/fog/centralized-coordination/src/centralized_coordination/src/orchestrator_node.cpp:48,ros-services/multi-robot-delete-mission.md
ros:service:multi_robot/edge/agent_{agent_id}/add_task,ros_service,multi_robot/edge/agent_{agent_id}/add_task,,multi_robot/edge/agent_{agent_id}/add_task,task_msgs/srv/AddTask,,7,"[{""section"":""request"",""type"":""string"",""name"":""task_id""},{""section"":""request"",""type"":""uint8"",""name"":""task_type""},{""section"":""request"",""type"":""bool"",""name"":""override""},{""section"":""request"",""type"":""string<=1048576"",""name"":""task_config""},{""section"":""request"",""type"":""string"",""name"":""std""},{""section"":""response"",""type"":""string"",""name"":""task_id""},{""section"":""response"",""type"":""uint8"",""name"":""task_state""}]",2,Edge Supervisor; Fleet Manager,Edge Supervisor: provides; Fleet Manager: calls,add_task,APPROVE,backend/edge/agent-tasks-supervisor/ros2ws/src/agent_tasks_supervisor/src/agent_tasks_supervisor_node.cpp:89; backend/fog/centralized-coordination/src/centralized_coordination/src/fleet_manager_node.cpp:339,ros-services/multi-robot-edge-agent-agent-id-add-task.md
ros:service:multi_robot/edge/agent_{agent_id}/change_state,ros_service,multi_robot/edge/agent_{agent_id}/change_state,,multi_robot/edge/agent_{agent_id}/change_state,task_msgs/srv/ChangeState,,3,"[{""section"":""request"",""type"":""uint8"",""name"":""requested_state""},{""section"":""response"",""type"":""uint8"",""name"":""state""},{""section"":""response"",""type"":""string<=1024"",""name"":""feedback""}]",2,Edge Supervisor; Fleet Manager,Edge Supervisor: provides; Fleet Manager: calls,,,backend/edge/agent-tasks-supervisor/ros2ws/src/agent_tasks_supervisor/src/agent_tasks_supervisor_node.cpp:92; backend/fog/centralized-coordination/src/centralized_coordination/src/fleet_manager_node.cpp:340,ros-services/multi-robot-edge-agent-agent-id-change-state.md
ros:service:multi_robot/edge/agent_{agent_id}/change_task_state,ros_service,multi_robot/edge/agent_{agent_id}/change_task_state,,multi_robot/edge/agent_{agent_id}/change_task_state,task_msgs/srv/ChangeTaskState,,5,"[{""section"":""request"",""type"":""string"",""name"":""task_id""},{""section"":""request"",""type"":""uint8"",""name"":""task_requested_state""},{""section"":""response"",""type"":""string"",""name"":""task_id""},{""section"":""response"",""type"":""uint8"",""name"":""task_state""},{""section"":""response"",""type"":""string<=1024"",""name"":""feedback""}]",2,Edge Supervisor; Fleet Manager,Edge Supervisor: provides; Fleet Manager: calls,,,backend/edge/agent-tasks-supervisor/ros2ws/src/agent_tasks_supervisor/src/agent_tasks_supervisor_node.cpp:95; backend/fog/centralized-coordination/src/centralized_coordination/src/fleet_manager_node.cpp:341,ros-services/multi-robot-edge-agent-agent-id-change-task-state.md
ros:service:multi_robot/edge/agent_{agent_id}/cmd,ros_service,multi_robot/edge/agent_{agent_id}/cmd,,multi_robot/edge/agent_{agent_id}/cmd,std_srvs::srv::Trigger,,0,[],1,Edge Supervisor,Edge Supervisor: provides,,,backend/edge/agent-tasks-supervisor/ros2ws/src/agent_tasks_supervisor/src/agent_tasks_supervisor_node.cpp:101,ros-services/multi-robot-edge-agent-agent-id-cmd.md
ros:service:multi_robot/fleet_manager/change_mission_status,ros_service,multi_robot/fleet_manager/change_mission_status,,multi_robot/fleet_manager/change_mission_status,c2_msgs/srv/ChangeMissionStatus,,5,"[{""section"":""request"",""type"":""unique_identifier_msgs/UUID"",""name"":""mission_id""},{""section"":""request"",""type"":""uint8"",""name"":""mission_request_status""},{""section"":""response"",""type"":""unique_identifier_msgs/UUID"",""name"":""mission_id""},{""section"":""response"",""type"":""uint8"",""name"":""mission_status""},{""section"":""response"",""type"":""string<=2000"",""name"":""error_message""}]",2,Centralized Coordination; Fleet Manager,Centralized Coordination: calls; Fleet Manager: provides,approve_status_ros; start_status_ros,APPROVE; START,backend/fog/centralized-coordination/src/centralized_coordination/src/mission_manager.cpp:93; backend/fog/centralized-coordination/src/centralized_coordination/src/fleet_manager_node.cpp:64,ros-services/multi-robot-fleet-manager-change-mission-status.md
ros:service:multi_robot/fleet_manager/get_agents,ros_service,multi_robot/fleet_manager/get_agents,,multi_robot/fleet_manager/get_agents,centralized_msgs/srv/GetAgents,,3,"[{""section"":""request"",""type"":""unique_identifier_msgs/UUID[]"",""name"":""agent_id_list""},{""section"":""response"",""type"":""centralized_msgs/Agent[]"",""name"":""agents""},{""section"":""response"",""type"":""string<=2000"",""name"":""error_message""}]",2,Centralized Coordination; Fleet Manager,Centralized Coordination: calls; Fleet Manager: provides,get_agents,planning,backend/fog/centralized-coordination/src/centralized_coordination/src/mission_manager.cpp:87; backend/fog/centralized-coordination/src/centralized_coordination/src/fleet_manager_node.cpp:60,ros-services/multi-robot-fleet-manager-get-agents.md
ros:service:multi_robot/fleet_manager/send_tasks,ros_service,multi_robot/fleet_manager/send_tasks,,multi_robot/fleet_manager/send_tasks,c2_msgs/srv/InitMission,,4,"[{""section"":""request"",""type"":""unique_identifier_msgs/UUID"",""name"":""mission_id""},{""section"":""request"",""type"":""string<=10000"",""name"":""mission_config""},{""section"":""response"",""type"":""unique_identifier_msgs/UUID"",""name"":""mission_id""},{""section"":""response"",""type"":""string<=10000"",""name"":""mission_feedback""}]",2,Centralized Coordination; Fleet Manager,Centralized Coordination: calls; Fleet Manager: provides,send_tasks,APPROVE,backend/fog/centralized-coordination/src/centralized_coordination/src/mission_manager.cpp:90; backend/fog/centralized-coordination/src/centralized_coordination/src/fleet_manager_node.cpp:62,ros-services/multi-robot-fleet-manager-send-tasks.md
ros:service:multi_robot/mission_{mission_id}/cmd,ros_service,multi_robot/mission_{mission_id}/cmd,,multi_robot/mission_{mission_id}/cmd,std_srvs::srv::Trigger,,0,[],1,Centralized Coordination,Centralized Coordination: provides,,,backend/fog/centralized-coordination/src/centralized_coordination/src/mission_manager.cpp:149,ros-services/multi-robot-mission-mission-id-cmd.md
ros:service:multi_robot/mission_{mission_id}/environment_change,ros_service,multi_robot/mission_{mission_id}/environment_change,,multi_robot/mission_{mission_id}/environment_change,std_srvs::srv::Trigger,,0,[],2,Centralized Coordination,Centralized Coordination: calls; Centralized Coordination: provides,,,backend/fog/centralized-coordination/src/centralized_coordination/src/mission_manager.cpp:78; backend/fog/centralized-coordination/src/centralized_coordination/src/orchestrator_node.cpp:419,ros-services/multi-robot-mission-mission-id-environment-change.md
ros:service:multi_robot/mission_{mission_id}/mission_status_change,ros_service,multi_robot/mission_{mission_id}/mission_status_change,,multi_robot/mission_{mission_id}/mission_status_change,c2_msgs/srv/ChangeMissionStatus,,5,"[{""section"":""request"",""type"":""unique_identifier_msgs/UUID"",""name"":""mission_id""},{""section"":""request"",""type"":""uint8"",""name"":""mission_request_status""},{""section"":""response"",""type"":""unique_identifier_msgs/UUID"",""name"":""mission_id""},{""section"":""response"",""type"":""uint8"",""name"":""mission_status""},{""section"":""response"",""type"":""string<=2000"",""name"":""error_message""}]",2,Centralized Coordination,Centralized Coordination: calls; Centralized Coordination: provides,,,backend/fog/centralized-coordination/src/centralized_coordination/src/mission_manager.cpp:75; backend/fog/centralized-coordination/src/centralized_coordination/src/orchestrator_node.cpp:418,ros-services/multi-robot-mission-mission-id-mission-status-change.md
ros:service:multi_robot/mission_{mission_id}/vehicle_change,ros_service,multi_robot/mission_{mission_id}/vehicle_change,,multi_robot/mission_{mission_id}/vehicle_change,std_srvs::srv::Trigger,,0,[],2,Centralized Coordination,Centralized Coordination: calls; Centralized Coordination: provides,,,backend/fog/centralized-coordination/src/centralized_coordination/src/mission_manager.cpp:81; backend/fog/centralized-coordination/src/centralized_coordination/src/orchestrator_node.cpp:420,ros-services/multi-robot-mission-mission-id-vehicle-change.md
ros:service:multi_robot/planner/delete,ros_service,multi_robot/planner/delete,,multi_robot/planner/delete,centralized_msgs/srv/DeletePlanner,,3,"[{""section"":""request"",""type"":""string"",""name"":""id""},{""section"":""response"",""type"":""string"",""name"":""id""},{""section"":""response"",""type"":""uint8"",""name"":""state""}]",1,Centralized Coordination,Centralized Coordination: calls,,,backend/fog/centralized-coordination/src/centralized_coordination/src/orchestrator_node.cpp:42,ros-services/multi-robot-planner-delete.md
ros:topic:/multi_robot/change_mission_status_request,ros_topic,/multi_robot/change_mission_status_request,,/multi_robot/change_mission_status_request,c2_msgs/msg/ChangeMissionStatusRequest,,2,"[{""section"":""message"",""type"":""unique_identifier_msgs/UUID"",""name"":""mission_id""},{""section"":""message"",""type"":""uint8"",""name"":""mission_request_status""}]",2,Centralized Coordination; Old REST Bridge,Centralized Coordination: subscribes; Old REST Bridge: publishes,approve_status_ros; start_status_ros,APPROVE; START,backend/fog/command-control/src/backend/ros2-rest-api/ros2_ws/src/c2_ros2_rest_api/src/c2_rest.cpp:58; backend/fog/centralized-coordination/src/centralized_coordination/src/c2_interface_node.cpp:57,ros-topics/multi-robot-change-mission-status-request.md
ros:topic:/multi_robot/change_mission_status_response,ros_topic,/multi_robot/change_mission_status_response,,/multi_robot/change_mission_status_response,c2_msgs/msg/ChangeMissionStatusResponse,,3,"[{""section"":""message"",""type"":""unique_identifier_msgs/UUID"",""name"":""mission_id""},{""section"":""message"",""type"":""uint8"",""name"":""mission_status""},{""section"":""message"",""type"":""string<=2000"",""name"":""error_message""}]",3,Centralized Coordination; Old REST Bridge,Centralized Coordination: publishes; Old REST Bridge: subscribes,approve_status_response_ros; start_status_response_ros,APPROVE; START,backend/fog/command-control/src/backend/ros2-rest-api/ros2_ws/src/c2_ros2_rest_api/src/c2_rest.cpp:57; backend/fog/centralized-coordination/src/centralized_coordination/src/mission_manager.cpp:137; backend/fog/centralized-coordination/src/centralized_coordination/src/c2_interface_node.cpp:58,ros-topics/multi-robot-change-mission-status-response.md
ros:topic:/multi_robot/change_mission_vehicle_request,ros_topic,/multi_robot/change_mission_vehicle_request,,/multi_robot/change_mission_vehicle_request,c2_msgs/msg/ChangeMissionVehicleRequest,,3,"[{""section"":""message"",""type"":""unique_identifier_msgs/UUID"",""name"":""mission_id""},{""section"":""message"",""type"":""string[]"",""name"":""vehicule_id_list""},{""section"":""message"",""type"":""uint8"",""name"":""vehicle_changes""}]",1,Centralized Coordination,Centralized Coordination: subscribes,,,backend/fog/centralized-coordination/src/centralized_coordination/src/c2_interface_node.cpp:60,ros-topics/multi-robot-change-mission-vehicle-request.md
ros:topic:/multi_robot/change_mission_vehicle_response,ros_topic,/multi_robot/change_mission_vehicle_response,,/multi_robot/change_mission_vehicle_response,c2_msgs/msg/ChangeMissionVehicleResponse,,1,"[{""section"":""message"",""type"":""unique_identifier_msgs/UUID"",""name"":""mission_id""}]",1,Centralized Coordination,Centralized Coordination: publishes,,,backend/fog/centralized-coordination/src/centralized_coordination/src/c2_interface_node.cpp:61,ros-topics/multi-robot-change-mission-vehicle-response.md
ros:topic:/multi_robot/edge/agent_profile,ros_topic,/multi_robot/edge/agent_profile,,/multi_robot/edge/agent_profile,std_msgs/msg/String,,1,"[{""section"":""message"",""type"":""string"",""name"":""data""}]",2,Edge Supervisor; Fleet Manager,Edge Supervisor: publishes; Fleet Manager: subscribes,edge_agent_profile,robot discovery,backend/edge/agent-tasks-supervisor/ros2ws/src/agent_tasks_supervisor/src/agent_tasks_supervisor_node.cpp:82; backend/fog/centralized-coordination/src/centralized_coordination/src/fleet_manager_node.cpp:77,ros-topics/multi-robot-edge-agent-profile.md
ros:topic:/multi_robot/edge/feedback,ros_topic,/multi_robot/edge/feedback,,/multi_robot/edge/feedback,task_msgs/msg/Feedback,,4,"[{""section"":""message"",""type"":""string"",""name"":""agent_id""},{""section"":""message"",""type"":""uint8"",""name"":""state""},{""section"":""message"",""type"":""TaskFeedback[]"",""name"":""tasks""},{""section"":""message"",""type"":""nav_msgs/Odometry"",""name"":""odometry""}]",3,Centralized Coordination; Edge Supervisor; Fleet Manager,Centralized Coordination: subscribes; Edge Supervisor: publishes; Fleet Manager: subscribes,edge_feedback_completed,COMPLETED,backend/edge/agent-tasks-supervisor/ros2ws/src/agent_tasks_supervisor/src/agent_tasks_supervisor_node.cpp:78; backend/fog/centralized-coordination/src/centralized_coordination/src/mission_manager.cpp:96; backend/fog/centralized-coordination/src/centralized_coordination/src/fleet_manager_node.cpp:74,ros-topics/multi-robot-edge-feedback.md
ros:topic:/multi_robot/environment_data_get_version_request,ros_topic,/multi_robot/environment_data_get_version_request,,/multi_robot/environment_data_get_version_request,environment_msgs/msg/EnvironmentDataGetVersionRequest,,1,"[{""section"":""message"",""type"":""unique_identifier_msgs/UUID"",""name"":""request_id""}]",1,Centralized Coordination,Centralized Coordination: subscribes,,,backend/fog/centralized-coordination/src/centralized_coordination/src/c2_interface_node.cpp:67,ros-topics/multi-robot-environment-data-get-version-request.md
ros:topic:/multi_robot/environment_data_get_version_response,ros_topic,/multi_robot/environment_data_get_version_response,,/multi_robot/environment_data_get_version_response,environment_msgs/msg/EnvironmentDataGetVersionResponse,,2,"[{""section"":""message"",""type"":""unique_identifier_msgs/UUID"",""name"":""request_id""},{""section"":""message"",""type"":""uint32"",""name"":""version_nr""}]",1,Centralized Coordination,Centralized Coordination: publishes,,,backend/fog/centralized-coordination/src/centralized_coordination/src/c2_interface_node.cpp:68,ros-topics/multi-robot-environment-data-get-version-response.md
ros:topic:/multi_robot/environment_data_reset_request,ros_topic,/multi_robot/environment_data_reset_request,,/multi_robot/environment_data_reset_request,environment_msgs/msg/EnvironmentDataResetRequest,,1,"[{""section"":""message"",""type"":""unique_identifier_msgs/UUID"",""name"":""request_id""}]",1,Centralized Coordination,Centralized Coordination: subscribes,,,backend/fog/centralized-coordination/src/centralized_coordination/src/c2_interface_node.cpp:63,ros-topics/multi-robot-environment-data-reset-request.md
ros:topic:/multi_robot/environment_data_reset_response,ros_topic,/multi_robot/environment_data_reset_response,,/multi_robot/environment_data_reset_response,environment_msgs/msg/EnvironmentDataResetResponse,,2,"[{""section"":""message"",""type"":""unique_identifier_msgs/UUID"",""name"":""request_id""},{""section"":""message"",""type"":""uint8"",""name"":""result_status""}]",1,Centralized Coordination,Centralized Coordination: publishes,,,backend/fog/centralized-coordination/src/centralized_coordination/src/c2_interface_node.cpp:64,ros-topics/multi-robot-environment-data-reset-response.md
ros:topic:/multi_robot/environment_data_upload_request,ros_topic,/multi_robot/environment_data_upload_request,,/multi_robot/environment_data_upload_request,environment_msgs/msg/EnvironmentDataUploadRequest,,5,"[{""section"":""message"",""type"":""unique_identifier_msgs/UUID"",""name"":""request_id""},{""section"":""message"",""type"":""uint32"",""name"":""version_nr""},{""section"":""message"",""type"":""string<=10000"",""name"":""insert_geojson""},{""section"":""message"",""type"":""string<=10000"",""name"":""update_geojson""},{""section"":""message"",""type"":""string<=5000"",""name"":""delete_json""}]",1,Centralized Coordination,Centralized Coordination: subscribes,,,backend/fog/centralized-coordination/src/centralized_coordination/src/c2_interface_node.cpp:65,ros-topics/multi-robot-environment-data-upload-request.md
ros:topic:/multi_robot/environment_data_upload_response,ros_topic,/multi_robot/environment_data_upload_response,,/multi_robot/environment_data_upload_response,environment_msgs/msg/EnvironmentDataUploadResponse,,2,"[{""section"":""message"",""type"":""unique_identifier_msgs/UUID"",""name"":""request_id""},{""section"":""message"",""type"":""uint8"",""name"":""result_status""}]",1,Centralized Coordination,Centralized Coordination: publishes,,,backend/fog/centralized-coordination/src/centralized_coordination/src/c2_interface_node.cpp:66,ros-topics/multi-robot-environment-data-upload-response.md
ros:topic:/multi_robot/log,ros_topic,/multi_robot/log,,/multi_robot/log,c2_msgs/msg/SwarmLog,,4,"[{""section"":""message"",""type"":""unique_identifier_msgs/UUID"",""name"":""mission_id""},{""section"":""message"",""type"":""string"",""name"":""log""},{""section"":""message"",""type"":""string"",""name"":""date""},{""section"":""message"",""type"":""uint8"",""name"":""log_type""}]",4,Centralized Coordination; Fleet Manager,Centralized Coordination: publishes; Centralized Coordination: subscribes; Fleet Manager: publishes,,,backend/fog/centralized-coordination/src/centralized_coordination/src/mission_manager.cpp:143; backend/fog/centralized-coordination/src/centralized_coordination/src/fleet_manager_node.cpp:54; backend/fog/centralized-coordination/src/centralized_coordination/src/orchestrator_node.cpp:51; backend/fog/centralized-coordination/src/centralized_coordination/src/orchestrator_node.cpp:64,ros-topics/multi-robot-log.md
ros:topic:/multi_robot/mission_feedback,ros_topic,/multi_robot/mission_feedback,,/multi_robot/mission_feedback,c2_msgs/msg/MissionFeedback,,2,"[{""section"":""message"",""type"":""unique_identifier_msgs/UUID"",""name"":""mission_id""},{""section"":""message"",""type"":""string"",""name"":""mission_feedback""}]",2,Centralized Coordination,Centralized Coordination: publishes,mission_feedback_planned,PLANNED,backend/fog/centralized-coordination/src/centralized_coordination/src/mission_manager.cpp:133; backend/fog/centralized-coordination/src/centralized_coordination/src/c2_interface_node.cpp:71,ros-topics/multi-robot-mission-feedback.md
ros:topic:/multi_robot/mission_init_request,ros_topic,/multi_robot/mission_init_request,,/multi_robot/mission_init_request,c2_msgs/msg/InitMissionRequest,,2,"[{""section"":""message"",""type"":""unique_identifier_msgs/UUID"",""name"":""mission_id""},{""section"":""message"",""type"":""string<=10000"",""name"":""mission_config""}]",2,Centralized Coordination; Old REST Bridge,Centralized Coordination: subscribes; Old REST Bridge: publishes,init_mission_ros,INIT,backend/fog/command-control/src/backend/ros2-rest-api/ros2_ws/src/c2_ros2_rest_api/src/c2_rest.cpp:55; backend/fog/centralized-coordination/src/centralized_coordination/src/c2_interface_node.cpp:54,ros-topics/multi-robot-mission-init-request.md
ros:topic:/multi_robot/mission_init_response,ros_topic,/multi_robot/mission_init_response,,/multi_robot/mission_init_response,c2_msgs/msg/InitMissionResponse,,2,"[{""section"":""message"",""type"":""unique_identifier_msgs/UUID"",""name"":""mission_id""},{""section"":""message"",""type"":""string<=10000"",""name"":""mission_feedback""}]",2,Centralized Coordination; Old REST Bridge,Centralized Coordination: publishes; Old REST Bridge: subscribes,,,backend/fog/command-control/src/backend/ros2-rest-api/ros2_ws/src/c2_ros2_rest_api/src/c2_rest.cpp:54; backend/fog/centralized-coordination/src/centralized_coordination/src/c2_interface_node.cpp:55,ros-topics/multi-robot-mission-init-response.md
ros:topic:/multi_robot/planner/agent,ros_topic,/multi_robot/planner/agent,,/multi_robot/planner/agent,centralized_msgs/msg/Agent,,3,"[{""section"":""message"",""type"":""string"",""name"":""agent_id""},{""section"":""message"",""type"":""string"",""name"":""agent_profile""},{""section"":""message"",""type"":""nav_msgs/Odometry"",""name"":""odometry""}]",2,Fleet Manager; Legacy Planner,Fleet Manager: publishes; Legacy Planner: subscribes,planner_agent,robot discovery,backend/fog/centralized-coordination/src/centralized_coordination/src/fleet_manager_node.cpp:67; backend/fog/planner/ros2ws/src/planner/planner/planner_node.py:134,ros-topics/multi-robot-planner-agent.md
ros:topic:/multi_robot/planner/graph_image,ros_topic,/multi_robot/planner/graph_image,,/multi_robot/planner/graph_image,CompressedImage,,0,[],1,Legacy Planner,Legacy Planner: publishes,,,backend/fog/planner/ros2ws/src/planner/planner/planner_node.py:151,ros-topics/multi-robot-planner-graph-image.md
ros:topic:/multi_robot/planner/planner_calculated,ros_topic,/multi_robot/planner/planner_calculated,,/multi_robot/planner/planner_calculated,centralized_msgs/msg/PlanCalculated,,2,"[{""section"":""message"",""type"":""string"",""name"":""id""},{""section"":""message"",""type"":""string"",""name"":""plan""}]",1,Centralized Coordination,Centralized Coordination: subscribes,,,backend/fog/centralized-coordination/src/centralized_coordination/src/mission_manager.cpp:62,ros-topics/multi-robot-planner-planner-calculated.md
ros:topic:/multi_robot/planner/state,ros_topic,/multi_robot/planner/state,,/multi_robot/planner/state,std_msgs/msg/String,,1,"[{""section"":""message"",""type"":""string"",""name"":""data""}]",2,Centralized Coordination; Legacy Planner,Centralized Coordination: subscribes; Legacy Planner: publishes,planner_state_ready,planning,backend/fog/centralized-coordination/src/centralized_coordination/src/mission_manager.cpp:65; backend/fog/planner/ros2ws/src/planner/planner/planner_node.py:132,ros-topics/multi-robot-planner-state.md
ros:topic:/multi_robot/swarm_log,ros_topic,/multi_robot/swarm_log,,/multi_robot/swarm_log,c2_msgs/msg/SwarmLog,,4,"[{""section"":""message"",""type"":""unique_identifier_msgs/UUID"",""name"":""mission_id""},{""section"":""message"",""type"":""string"",""name"":""log""},{""section"":""message"",""type"":""string"",""name"":""date""},{""section"":""message"",""type"":""uint8"",""name"":""log_type""}]",1,Centralized Coordination,Centralized Coordination: publishes,,,backend/fog/centralized-coordination/src/centralized_coordination/src/c2_interface_node.cpp:70,ros-topics/multi-robot-swarm-log.md
ros:topic:multi_robot/edge/connection_check,ros_topic,multi_robot/edge/connection_check,,multi_robot/edge/connection_check,std_msgs/msg/String,,1,"[{""section"":""message"",""type"":""string"",""name"":""data""}]",2,Edge Supervisor; Fleet Manager,Edge Supervisor: subscribes; Fleet Manager: publishes,,,backend/edge/agent-tasks-supervisor/ros2ws/src/agent_tasks_supervisor/src/agent_tasks_supervisor_node.cpp:86; backend/fog/centralized-coordination/src/centralized_coordination/src/fleet_manager_node.cpp:80,ros-topics/multi-robot-edge-connection-check.md
ros:topic:multi_robot/edge/node_init,ros_topic,multi_robot/edge/node_init,,multi_robot/edge/node_init,std_msgs/msg/String,,1,"[{""section"":""message"",""type"":""string"",""name"":""data""}]",1,Edge Supervisor,Edge Supervisor: publishes,,,backend/edge/agent-tasks-supervisor/ros2ws/src/agent_tasks_supervisor/src/agent_tasks_supervisor_node.cpp:75,ros-topics/multi-robot-edge-node-init.md
ros:topic:{autonomy_prefix}/edge/multi_robot/autonomy_set_objective,ros_topic,{autonomy_prefix}/edge/multi_robot/autonomy_set_objective,,{autonomy_prefix}/edge/multi_robot/autonomy_set_objective,autonomy_msgs/msg/AutonomySetObjective,,2,"[{""section"":""message"",""type"":""bool"",""name"":""null_objective""},{""section"":""message"",""type"":""AutonomyObjective"",""name"":""objective""}]",2,Edge Supervisor,Edge Supervisor: publishes; Edge Supervisor: subscribes,,,backend/edge/agent-tasks-supervisor/ros2ws/src/agent_tasks_supervisor/src/agent_tasks_supervisor_node.cpp:51; backend/edge/agent-tasks-supervisor/ros2ws/src/agent_tasks_supervisor/src/test/test_autonomy.cpp:40,ros-topics/autonomy-prefix-edge-multi-robot-autonomy-set-objective.md
ros:topic:{autonomy_prefix}/edge/multi_robot/autonomy_status,ros_topic,{autonomy_prefix}/edge/multi_robot/autonomy_status,,{autonomy_prefix}/edge/multi_robot/autonomy_status,autonomy_msgs/msg/AutonomyStatus,,8,"[{""section"":""message"",""type"":""unique_identifier_msgs/UUID"",""name"":""autonomy_objective_id""},{""section"":""message"",""type"":""uint8"",""name"":""status""},{""section"":""message"",""type"":""AutonomyPrimitiveStatus[]"",""name"":""primitive_statuses""},{""section"":""message"",""type"":""uint8"",""name"":""PENDING""},{""section"":""message"",""type"":""uint8"",""name"":""ACTIVE""},{""section"":""message"",""type"":""uint8"",""name"":""COMPLETED""},{""section"":""message"",""type"":""uint8"",""name"":""FAILED""},{""section"":""message"",""type"":""uint8"",""name"":""ABORTED""}]",2,Edge Supervisor,Edge Supervisor: publishes; Edge Supervisor: subscribes,,,backend/edge/agent-tasks-supervisor/ros2ws/src/agent_tasks_supervisor/src/agent_tasks_supervisor_node.cpp:64; backend/edge/agent-tasks-supervisor/ros2ws/src/agent_tasks_supervisor/src/test/test_autonomy.cpp:47,ros-topics/autonomy-prefix-edge-multi-robot-autonomy-status.md
ros:topic:{autonomy_prefix}/edge/multi_robot/autonomy_trajectory,ros_topic,{autonomy_prefix}/edge/multi_robot/autonomy_trajectory,,{autonomy_prefix}/edge/multi_robot/autonomy_trajectory,autonomy_msgs/msg/AutonomyTrajectory,,2,"[{""section"":""message"",""type"":""unique_identifier_msgs/UUID"",""name"":""autonomy_objective_id""},{""section"":""message"",""type"":""string<=150000"",""name"":""trajectory""}]",1,Edge Supervisor,Edge Supervisor: subscribes,,,backend/edge/agent-tasks-supervisor/ros2ws/src/agent_tasks_supervisor/src/agent_tasks_supervisor_node.cpp:67,ros-topics/autonomy-prefix-edge-multi-robot-autonomy-trajectory.md
ros:topic:{autonomy_prefix}/edge/multi_robot/detected_obstacle,ros_topic,{autonomy_prefix}/edge/multi_robot/detected_obstacle,,{autonomy_prefix}/edge/multi_robot/detected_obstacle,autonomy_msgs/msg/DetectedObstacle,,2,"[{""section"":""message"",""type"":""unique_identifier_msgs/UUID"",""name"":""obstacle_id""},{""section"":""message"",""type"":""string"",""name"":""obstacle_geofence""}]",1,Edge Supervisor,Edge Supervisor: subscribes,,,backend/edge/agent-tasks-supervisor/ros2ws/src/agent_tasks_supervisor/src/agent_tasks_supervisor_node.cpp:61,ros-topics/autonomy-prefix-edge-multi-robot-detected-obstacle.md
ros:topic:{autonomy_prefix}/edge/multi_robot/localization,ros_topic,{autonomy_prefix}/edge/multi_robot/localization,,{autonomy_prefix}/edge/multi_robot/localization,nav_msgs::msg::Odometry,,0,[],2,Edge Supervisor,Edge Supervisor: publishes; Edge Supervisor: subscribes,,,backend/edge/agent-tasks-supervisor/ros2ws/src/agent_tasks_supervisor/src/agent_tasks_supervisor_node.cpp:55; backend/edge/agent-tasks-supervisor/ros2ws/src/agent_tasks_supervisor/src/test/test_autonomy.cpp:43,ros-topics/autonomy-prefix-edge-multi-robot-localization.md
ros:topic:{autonomy_prefix}/edge/multi_robot/vehicle_profile,ros_topic,{autonomy_prefix}/edge/multi_robot/vehicle_profile,,{autonomy_prefix}/edge/multi_robot/vehicle_profile,autonomy_msgs/msg/VehicleProfile,,3,"[{""section"":""message"",""type"":""uint8"",""name"":""active_autonomy_mode""},{""section"":""message"",""type"":""VehicleConstraints"",""name"":""vehicle_constraints""},{""section"":""message"",""type"":""VehicleInfo"",""name"":""vehicle_info""}]",2,Edge Supervisor,Edge Supervisor: publishes; Edge Supervisor: subscribes,,,backend/edge/agent-tasks-supervisor/ros2ws/src/agent_tasks_supervisor/src/agent_tasks_supervisor_node.cpp:58; backend/edge/agent-tasks-supervisor/ros2ws/src/agent_tasks_supervisor/src/test/test_autonomy.cpp:50,ros-topics/autonomy-prefix-edge-multi-robot-vehicle-profile.md
ros_type:autonomy_msgs/msg/AutonomyObjective,ros_type,autonomy_msgs/msg/AutonomyObjective,,backend/fog/centralized-coordination/src/message_packages/autonomy_msgs/msg/AutonomyObjective.msg,,autonomy_msgs,6,"[{""section"":""message"",""type"":""unique_identifier_msgs/UUID"",""name"":""id""},{""section"":""message"",""type"":""string<=100"",""name"":""objective_type""},{""section"":""message"",""type"":""bool"",""name"":""parallel_execution""},{""section"":""message"",""type"":""string[]"",""name"":""primitives""},{""section"":""message"",""type"":""float32"",""name"":""max_speed""},{""section"":""message"",""type"":""uint8"",""name"":""mobility_profile""}]",0,,,autonomy_objective,execution,backend/fog/centralized-coordination/src/message_packages/autonomy_msgs/msg/AutonomyObjective.msg:1,ros-types/autonomy-msgs-msg-autonomyobjective.md
ros_type:autonomy_msgs/msg/AutonomyPrimitiveStatus,ros_type,autonomy_msgs/msg/AutonomyPrimitiveStatus,,backend/fog/centralized-coordination/src/message_packages/autonomy_msgs/msg/AutonomyPrimitiveStatus.msg,,autonomy_msgs,10,"[{""section"":""message"",""type"":""unique_identifier_msgs/UUID"",""name"":""primitive_id""},{""section"":""message"",""type"":""string"",""name"":""primitive_type""},{""section"":""message"",""type"":""uint8"",""name"":""status""},{""section"":""message"",""type"":""float64"",""name"":""progress""},{""section"":""message"",""type"":""string"",""name"":""feedback""},{""section"":""message"",""type"":""uint8"",""name"":""PENDING""},{""section"":""message"",""type"":""uint8"",""name"":""ACTIVE""},{""section"":""message"",""type"":""uint8"",""name"":""COMPLETED""},{""section"":""message"",""type"":""uint8"",""name"":""FAILED""},{""section"":""message"",""type"":""uint8"",""name"":""ABORTED""}]",0,,,,,backend/fog/centralized-coordination/src/message_packages/autonomy_msgs/msg/AutonomyPrimitiveStatus.msg:1,ros-types/autonomy-msgs-msg-autonomyprimitivestatus.md
ros_type:autonomy_msgs/msg/AutonomySetObjective,ros_type,autonomy_msgs/msg/AutonomySetObjective,,backend/fog/centralized-coordination/src/message_packages/autonomy_msgs/msg/AutonomySetObjective.msg,,autonomy_msgs,2,"[{""section"":""message"",""type"":""bool"",""name"":""null_objective""},{""section"":""message"",""type"":""AutonomyObjective"",""name"":""objective""}]",0,,,autonomy_objective,execution,backend/fog/centralized-coordination/src/message_packages/autonomy_msgs/msg/AutonomySetObjective.msg:1,ros-types/autonomy-msgs-msg-autonomysetobjective.md
ros_type:autonomy_msgs/msg/AutonomyStatus,ros_type,autonomy_msgs/msg/AutonomyStatus,,backend/fog/centralized-coordination/src/message_packages/autonomy_msgs/msg/AutonomyStatus.msg,,autonomy_msgs,8,"[{""section"":""message"",""type"":""unique_identifier_msgs/UUID"",""name"":""autonomy_objective_id""},{""section"":""message"",""type"":""uint8"",""name"":""status""},{""section"":""message"",""type"":""AutonomyPrimitiveStatus[]"",""name"":""primitive_statuses""},{""section"":""message"",""type"":""uint8"",""name"":""PENDING""},{""section"":""message"",""type"":""uint8"",""name"":""ACTIVE""},{""section"":""message"",""type"":""uint8"",""name"":""COMPLETED""},{""section"":""message"",""type"":""uint8"",""name"":""FAILED""},{""section"":""message"",""type"":""uint8"",""name"":""ABORTED""}]",0,,,,,backend/fog/centralized-coordination/src/message_packages/autonomy_msgs/msg/AutonomyStatus.msg:1,ros-types/autonomy-msgs-msg-autonomystatus.md
ros_type:autonomy_msgs/msg/AutonomyTrajectory,ros_type,autonomy_msgs/msg/AutonomyTrajectory,,backend/fog/centralized-coordination/src/message_packages/autonomy_msgs/msg/AutonomyTrajectory.msg,,autonomy_msgs,2,"[{""section"":""message"",""type"":""unique_identifier_msgs/UUID"",""name"":""autonomy_objective_id""},{""section"":""message"",""type"":""string<=150000"",""name"":""trajectory""}]",0,,,,,backend/fog/centralized-coordination/src/message_packages/autonomy_msgs/msg/AutonomyTrajectory.msg:1,ros-types/autonomy-msgs-msg-autonomytrajectory.md
ros_type:autonomy_msgs/msg/DetectedObstacle,ros_type,autonomy_msgs/msg/DetectedObstacle,,backend/fog/centralized-coordination/src/message_packages/autonomy_msgs/msg/DetectedObstacle.msg,,autonomy_msgs,2,"[{""section"":""message"",""type"":""unique_identifier_msgs/UUID"",""name"":""obstacle_id""},{""section"":""message"",""type"":""string"",""name"":""obstacle_geofence""}]",0,,,,,backend/fog/centralized-coordination/src/message_packages/autonomy_msgs/msg/DetectedObstacle.msg:1,ros-types/autonomy-msgs-msg-detectedobstacle.md
ros_type:autonomy_msgs/msg/Localization,ros_type,autonomy_msgs/msg/Localization,,backend/fog/centralized-coordination/src/message_packages/autonomy_msgs/msg/Localization.msg,,autonomy_msgs,4,"[{""section"":""message"",""type"":""std_msgs/Header"",""name"":""header""},{""section"":""message"",""type"":""geographic_msgs/GeoPoint"",""name"":""position""},{""section"":""message"",""type"":""geometry_msgs/Quaternion"",""name"":""orientation""},{""section"":""message"",""type"":""float64[36]"",""name"":""covariance""}]",0,,,,,backend/fog/centralized-coordination/src/message_packages/autonomy_msgs/msg/Localization.msg:1,ros-types/autonomy-msgs-msg-localization.md
ros_type:autonomy_msgs/msg/MissionData,ros_type,autonomy_msgs/msg/MissionData,,backend/fog/centralized-coordination/src/message_packages/autonomy_msgs/.devcontainer/msg/MissionData.msg,,autonomy_msgs,5,"[{""section"":""message"",""type"":""uint8"",""name"":""active_autonomy_mode""},{""section"":""message"",""type"":""uint8"",""name"":""mission_status""},{""section"":""message"",""type"":""VehicleConstraints"",""name"":""vehicle_constraints""},{""section"":""message"",""type"":""VehicleInfo"",""name"":""vehicle_info""},{""section"":""message"",""type"":""float64"",""name"":""speed""}]",0,,,,,backend/fog/centralized-coordination/src/message_packages/autonomy_msgs/.devcontainer/msg/MissionData.msg:1,ros-types/autonomy-msgs-msg-missiondata.md
ros_type:autonomy_msgs/msg/SensorProperties,ros_type,autonomy_msgs/msg/SensorProperties,,backend/fog/centralized-coordination/src/message_packages/autonomy_msgs/msg/SensorProperties.msg,,autonomy_msgs,3,"[{""section"":""message"",""type"":""uint8"",""name"":""type""},{""section"":""message"",""type"":""uint8"",""name"":""status""},{""section"":""message"",""type"":""float64[]"",""name"":""field_of_view""}]",0,,,autonomy_vehicle_profile,robot discovery,backend/fog/centralized-coordination/src/message_packages/autonomy_msgs/msg/SensorProperties.msg:1,ros-types/autonomy-msgs-msg-sensorproperties.md
ros_type:autonomy_msgs/msg/SwarmingObjective,ros_type,autonomy_msgs/msg/SwarmingObjective,,backend/fog/centralized-coordination/src/message_packages/autonomy_msgs/.devcontainer/msg/SwarmingObjective.msg,,autonomy_msgs,5,"[{""section"":""message"",""type"":""unique_identifier_msgs/UUID"",""name"":""id""},{""section"":""message"",""type"":""string<=100"",""name"":""arrival_point""},{""section"":""message"",""type"":""string<=150000[<=1]"",""name"":""path""},{""section"":""message"",""type"":""float32"",""name"":""max_speed""},{""section"":""message"",""type"":""uint8"",""name"":""mobility_profile""}]",0,,,,,backend/fog/centralized-coordination/src/message_packages/autonomy_msgs/.devcontainer/msg/SwarmingObjective.msg:1,ros-types/autonomy-msgs-msg-swarmingobjective.md
ros_type:autonomy_msgs/msg/SwarmingSetObjective,ros_type,autonomy_msgs/msg/SwarmingSetObjective,,backend/fog/centralized-coordination/src/message_packages/autonomy_msgs/.devcontainer/msg/SwarmingSetObjective.msg,,autonomy_msgs,2,"[{""section"":""message"",""type"":""bool"",""name"":""null_objective""},{""section"":""message"",""type"":""AutonomyObjective"",""name"":""objective""}]",0,,,,,backend/fog/centralized-coordination/src/message_packages/autonomy_msgs/.devcontainer/msg/SwarmingSetObjective.msg:1,ros-types/autonomy-msgs-msg-swarmingsetobjective.md
ros_type:autonomy_msgs/msg/SwarmingStatus,ros_type,autonomy_msgs/msg/SwarmingStatus,,backend/fog/centralized-coordination/src/message_packages/autonomy_msgs/.devcontainer/msg/SwarmingStatus.msg,,autonomy_msgs,6,"[{""section"":""message"",""type"":""unique_identifier_msgs/UUID"",""name"":""autonomy_objective_id""},{""section"":""message"",""type"":""uint8"",""name"":""status""},{""section"":""message"",""type"":""uint32"",""name"":""time_to_arrival""},{""section"":""message"",""type"":""uint32"",""name"":""distance_to_arrival""},{""section"":""message"",""type"":""float32"",""name"":""needed_energy_to_arrival""},{""section"":""message"",""type"":""string<=2000"",""name"":""blockages""}]",0,,,,,backend/fog/centralized-coordination/src/message_packages/autonomy_msgs/.devcontainer/msg/SwarmingStatus.msg:1,ros-types/autonomy-msgs-msg-swarmingstatus.md
ros_type:autonomy_msgs/msg/SwarmingTrajectory,ros_type,autonomy_msgs/msg/SwarmingTrajectory,,backend/fog/centralized-coordination/src/message_packages/autonomy_msgs/.devcontainer/msg/SwarmingTrajectory.msg,,autonomy_msgs,2,"[{""section"":""message"",""type"":""unique_identifier_msgs/UUID"",""name"":""autonomy_objective_id""},{""section"":""message"",""type"":""string<=150000"",""name"":""trajectory""}]",0,,,,,backend/fog/centralized-coordination/src/message_packages/autonomy_msgs/.devcontainer/msg/SwarmingTrajectory.msg:1,ros-types/autonomy-msgs-msg-swarmingtrajectory.md
ros_type:autonomy_msgs/msg/VehicleConstraints,ros_type,autonomy_msgs/msg/VehicleConstraints,,backend/fog/centralized-coordination/src/message_packages/autonomy_msgs/msg/VehicleConstraints.msg,,autonomy_msgs,4,"[{""section"":""message"",""type"":""geometry_msgs/Twist"",""name"":""max_speed""},{""section"":""message"",""type"":""geometry_msgs/Accel"",""name"":""max_acceleration""},{""section"":""message"",""type"":""float64"",""name"":""max_weight""},{""section"":""message"",""type"":""float64"",""name"":""max_tilt_angle""}]",0,,,autonomy_vehicle_profile,robot discovery,backend/fog/centralized-coordination/src/message_packages/autonomy_msgs/msg/VehicleConstraints.msg:1,ros-types/autonomy-msgs-msg-vehicleconstraints.md
ros_type:autonomy_msgs/msg/VehicleInfo,ros_type,autonomy_msgs/msg/VehicleInfo,,backend/fog/centralized-coordination/src/message_packages/autonomy_msgs/msg/VehicleInfo.msg,,autonomy_msgs,7,"[{""section"":""message"",""type"":""string"",""name"":""vehicle_type""},{""section"":""message"",""type"":""uint8"",""name"":""fuel_status_pct""},{""section"":""message"",""type"":""float32"",""name"":""fuel_hours""},{""section"":""message"",""type"":""uint8"",""name"":""battery_status_pct""},{""section"":""message"",""type"":""float32"",""name"":""battery_hours""},{""section"":""message"",""type"":""SensorProperties[]"",""name"":""sensor_list""},{""section"":""message"",""type"":""float32[]"",""name"":""vehicle_dimensions""}]",0,,,autonomy_vehicle_profile,robot discovery,backend/fog/centralized-coordination/src/message_packages/autonomy_msgs/msg/VehicleInfo.msg:1,ros-types/autonomy-msgs-msg-vehicleinfo.md
ros_type:autonomy_msgs/msg/VehicleProfile,ros_type,autonomy_msgs/msg/VehicleProfile,,backend/fog/centralized-coordination/src/message_packages/autonomy_msgs/msg/VehicleProfile.msg,,autonomy_msgs,3,"[{""section"":""message"",""type"":""uint8"",""name"":""active_autonomy_mode""},{""section"":""message"",""type"":""VehicleConstraints"",""name"":""vehicle_constraints""},{""section"":""message"",""type"":""VehicleInfo"",""name"":""vehicle_info""}]",0,,,autonomy_vehicle_profile,robot discovery,backend/fog/centralized-coordination/src/message_packages/autonomy_msgs/msg/VehicleProfile.msg:1,ros-types/autonomy-msgs-msg-vehicleprofile.md
ros_type:c2_msgs/msg/ChangeMissionStatusRequest,ros_type,c2_msgs/msg/ChangeMissionStatusRequest,,backend/fog/centralized-coordination/src/message_packages/c2_msgs/msg/ChangeMissionStatusRequest.msg,,c2_msgs,2,"[{""section"":""message"",""type"":""unique_identifier_msgs/UUID"",""name"":""mission_id""},{""section"":""message"",""type"":""uint8"",""name"":""mission_request_status""}]",0,,,approve_status_ros; start_status_ros,APPROVE; START,backend/fog/centralized-coordination/src/message_packages/c2_msgs/msg/ChangeMissionStatusRequest.msg:1,ros-types/c2-msgs-msg-changemissionstatusrequest.md
ros_type:c2_msgs/msg/ChangeMissionStatusResponse,ros_type,c2_msgs/msg/ChangeMissionStatusResponse,,backend/fog/centralized-coordination/src/message_packages/c2_msgs/msg/ChangeMissionStatusResponse.msg,,c2_msgs,3,"[{""section"":""message"",""type"":""unique_identifier_msgs/UUID"",""name"":""mission_id""},{""section"":""message"",""type"":""uint8"",""name"":""mission_status""},{""section"":""message"",""type"":""string<=2000"",""name"":""error_message""}]",0,,,approve_status_response_ros; start_status_response_ros,APPROVE; START,backend/fog/centralized-coordination/src/message_packages/c2_msgs/msg/ChangeMissionStatusResponse.msg:1,ros-types/c2-msgs-msg-changemissionstatusresponse.md
ros_type:c2_msgs/msg/ChangeMissionVehicleRequest,ros_type,c2_msgs/msg/ChangeMissionVehicleRequest,,backend/fog/centralized-coordination/src/message_packages/c2_msgs/msg/ChangeMissionVehicleRequest.msg,,c2_msgs,3,"[{""section"":""message"",""type"":""unique_identifier_msgs/UUID"",""name"":""mission_id""},{""section"":""message"",""type"":""string[]"",""name"":""vehicule_id_list""},{""section"":""message"",""type"":""uint8"",""name"":""vehicle_changes""}]",0,,,,,backend/fog/centralized-coordination/src/message_packages/c2_msgs/msg/ChangeMissionVehicleRequest.msg:1,ros-types/c2-msgs-msg-changemissionvehiclerequest.md
ros_type:c2_msgs/msg/ChangeMissionVehicleResponse,ros_type,c2_msgs/msg/ChangeMissionVehicleResponse,,backend/fog/centralized-coordination/src/message_packages/c2_msgs/msg/ChangeMissionVehicleResponse.msg,,c2_msgs,1,"[{""section"":""message"",""type"":""unique_identifier_msgs/UUID"",""name"":""mission_id""}]",0,,,,,backend/fog/centralized-coordination/src/message_packages/c2_msgs/msg/ChangeMissionVehicleResponse.msg:1,ros-types/c2-msgs-msg-changemissionvehicleresponse.md
ros_type:c2_msgs/msg/InitMissionRequest,ros_type,c2_msgs/msg/InitMissionRequest,,backend/fog/centralized-coordination/src/message_packages/c2_msgs/msg/InitMissionRequest.msg,,c2_msgs,2,"[{""section"":""message"",""type"":""unique_identifier_msgs/UUID"",""name"":""mission_id""},{""section"":""message"",""type"":""string<=10000"",""name"":""mission_config""}]",0,,,init_mission_ros,INIT,backend/fog/centralized-coordination/src/message_packages/c2_msgs/msg/InitMissionRequest.msg:1,ros-types/c2-msgs-msg-initmissionrequest.md
ros_type:c2_msgs/msg/InitMissionResponse,ros_type,c2_msgs/msg/InitMissionResponse,,backend/fog/centralized-coordination/src/message_packages/c2_msgs/msg/InitMissionResponse.msg,,c2_msgs,2,"[{""section"":""message"",""type"":""unique_identifier_msgs/UUID"",""name"":""mission_id""},{""section"":""message"",""type"":""string<=10000"",""name"":""mission_feedback""}]",0,,,,,backend/fog/centralized-coordination/src/message_packages/c2_msgs/msg/InitMissionResponse.msg:1,ros-types/c2-msgs-msg-initmissionresponse.md
ros_type:c2_msgs/msg/MissionFeedback,ros_type,c2_msgs/msg/MissionFeedback,,backend/fog/centralized-coordination/src/message_packages/c2_msgs/msg/MissionFeedback.msg,,c2_msgs,2,"[{""section"":""message"",""type"":""unique_identifier_msgs/UUID"",""name"":""mission_id""},{""section"":""message"",""type"":""string"",""name"":""mission_feedback""}]",0,,,mission_feedback_planned,PLANNED,backend/fog/centralized-coordination/src/message_packages/c2_msgs/msg/MissionFeedback.msg:1,ros-types/c2-msgs-msg-missionfeedback.md
ros_type:c2_msgs/msg/SwarmLog,ros_type,c2_msgs/msg/SwarmLog,,backend/fog/centralized-coordination/src/message_packages/c2_msgs/msg/SwarmLog.msg,,c2_msgs,4,"[{""section"":""message"",""type"":""unique_identifier_msgs/UUID"",""name"":""mission_id""},{""section"":""message"",""type"":""string"",""name"":""log""},{""section"":""message"",""type"":""string"",""name"":""date""},{""section"":""message"",""type"":""uint8"",""name"":""log_type""}]",0,,,,,backend/fog/centralized-coordination/src/message_packages/c2_msgs/msg/SwarmLog.msg:1,ros-types/c2-msgs-msg-swarmlog.md
ros_type:c2_msgs/srv/ChangeMissionStatus,ros_type,c2_msgs/srv/ChangeMissionStatus,,backend/fog/centralized-coordination/src/message_packages/c2_msgs/srv/ChangeMissionStatus.srv,,c2_msgs,5,"[{""section"":""request"",""type"":""unique_identifier_msgs/UUID"",""name"":""mission_id""},{""section"":""request"",""type"":""uint8"",""name"":""mission_request_status""},{""section"":""response"",""type"":""unique_identifier_msgs/UUID"",""name"":""mission_id""},{""section"":""response"",""type"":""uint8"",""name"":""mission_status""},{""section"":""response"",""type"":""string<=2000"",""name"":""error_message""}]",0,,,approve_status_ros; start_status_ros; approve_status_response_ros; start_status_response_ros,APPROVE; START,backend/fog/centralized-coordination/src/message_packages/c2_msgs/srv/ChangeMissionStatus.srv:1,ros-types/c2-msgs-srv-changemissionstatus.md
ros_type:c2_msgs/srv/ChangeMissionVehicle,ros_type,c2_msgs/srv/ChangeMissionVehicle,,backend/fog/centralized-coordination/src/message_packages/c2_msgs/srv/ChangeMissionVehicle.srv,,c2_msgs,4,"[{""section"":""request"",""type"":""unique_identifier_msgs/UUID"",""name"":""mission_id""},{""section"":""request"",""type"":""unique_identifier_msgs/UUID[]"",""name"":""vehicule_id_list""},{""section"":""request"",""type"":""uint8"",""name"":""vehicle_changes""},{""section"":""response"",""type"":""unique_identifier_msgs/UUID"",""name"":""mission_id""}]",0,,,,,backend/fog/centralized-coordination/src/message_packages/c2_msgs/srv/ChangeMissionVehicle.srv:1,ros-types/c2-msgs-srv-changemissionvehicle.md
ros_type:c2_msgs/srv/InitMission,ros_type,c2_msgs/srv/InitMission,,backend/fog/centralized-coordination/src/message_packages/c2_msgs/srv/InitMission.srv,,c2_msgs,4,"[{""section"":""request"",""type"":""unique_identifier_msgs/UUID"",""name"":""mission_id""},{""section"":""request"",""type"":""string<=10000"",""name"":""mission_config""},{""section"":""response"",""type"":""unique_identifier_msgs/UUID"",""name"":""mission_id""},{""section"":""response"",""type"":""string<=10000"",""name"":""mission_feedback""}]",0,,,init_mission_ros; send_tasks,INIT; APPROVE,backend/fog/centralized-coordination/src/message_packages/c2_msgs/srv/InitMission.srv:1,ros-types/c2-msgs-srv-initmission.md
ros_type:centralized_msgs/msg/Agent,ros_type,centralized_msgs/msg/Agent,,backend/fog/planner/ros2ws/src/message_packages/centralized_msgs/msg/Agent.msg,,centralized_msgs,3,"[{""section"":""message"",""type"":""string"",""name"":""agent_id""},{""section"":""message"",""type"":""string"",""name"":""agent_profile""},{""section"":""message"",""type"":""nav_msgs/Odometry"",""name"":""odometry""}]",0,,,planner_agent,robot discovery,backend/fog/planner/ros2ws/src/message_packages/centralized_msgs/msg/Agent.msg:1,ros-types/centralized-msgs-msg-agent.md
ros_type:centralized_msgs/msg/PlanCalculated,ros_type,centralized_msgs/msg/PlanCalculated,,backend/fog/planner/ros2ws/src/message_packages/centralized_msgs/msg/PlanCalculated.msg,,centralized_msgs,2,"[{""section"":""message"",""type"":""string"",""name"":""id""},{""section"":""message"",""type"":""string"",""name"":""plan""}]",0,,,,,backend/fog/planner/ros2ws/src/message_packages/centralized_msgs/msg/PlanCalculated.msg:1,ros-types/centralized-msgs-msg-plancalculated.md
ros_type:centralized_msgs/srv/CreatePlanner,ros_type,centralized_msgs/srv/CreatePlanner,,backend/fog/planner/ros2ws/src/message_packages/centralized_msgs/srv/CreatePlanner.srv,,centralized_msgs,6,"[{""section"":""request"",""type"":""string"",""name"":""id""},{""section"":""request"",""type"":""uint8"",""name"":""priority""},{""section"":""request"",""type"":""Agent[]"",""name"":""agents""},{""section"":""request"",""type"":""string"",""name"":""config""},{""section"":""response"",""type"":""string"",""name"":""id""},{""section"":""response"",""type"":""uint8"",""name"":""state""}]",0,,,planner_create,planning,backend/fog/planner/ros2ws/src/message_packages/centralized_msgs/srv/CreatePlanner.srv:1,ros-types/centralized-msgs-srv-createplanner.md
ros_type:centralized_msgs/srv/DeletePlanner,ros_type,centralized_msgs/srv/DeletePlanner,,backend/fog/planner/ros2ws/src/message_packages/centralized_msgs/srv/DeletePlanner.srv,,centralized_msgs,3,"[{""section"":""request"",""type"":""string"",""name"":""id""},{""section"":""response"",""type"":""string"",""name"":""id""},{""section"":""response"",""type"":""uint8"",""name"":""state""}]",0,,,,,backend/fog/planner/ros2ws/src/message_packages/centralized_msgs/srv/DeletePlanner.srv:1,ros-types/centralized-msgs-srv-deleteplanner.md
ros_type:centralized_msgs/srv/GetAgents,ros_type,centralized_msgs/srv/GetAgents,,backend/fog/planner/ros2ws/src/message_packages/centralized_msgs/srv/GetAgents.srv,,centralized_msgs,3,"[{""section"":""request"",""type"":""unique_identifier_msgs/UUID[]"",""name"":""agent_id_list""},{""section"":""response"",""type"":""centralized_msgs/Agent[]"",""name"":""agents""},{""section"":""response"",""type"":""string<=2000"",""name"":""error_message""}]",0,,,get_agents,planning,backend/fog/planner/ros2ws/src/message_packages/centralized_msgs/srv/GetAgents.srv:1,ros-types/centralized-msgs-srv-getagents.md
ros_type:centralized_msgs/srv/GetPlan,ros_type,centralized_msgs/srv/GetPlan,,backend/fog/planner/ros2ws/src/message_packages/centralized_msgs/srv/GetPlan.srv,,centralized_msgs,3,"[{""section"":""request"",""type"":""string"",""name"":""id""},{""section"":""response"",""type"":""string"",""name"":""id""},{""section"":""response"",""type"":""string"",""name"":""plan""}]",0,,,get_plan,plan retrieval,backend/fog/planner/ros2ws/src/message_packages/centralized_msgs/srv/GetPlan.srv:1,ros-types/centralized-msgs-srv-getplan.md
ros_type:centralized_msgs/srv/UpdatePlannerAgents,ros_type,centralized_msgs/srv/UpdatePlannerAgents,,backend/fog/planner/ros2ws/src/message_packages/centralized_msgs/srv/UpdatePlannerAgents.srv,,centralized_msgs,3,"[{""section"":""request"",""type"":""string"",""name"":""id""},{""section"":""request"",""type"":""Agent[]"",""name"":""agents""},{""section"":""response"",""type"":""string"",""name"":""id""}]",0,,,,,backend/fog/planner/ros2ws/src/message_packages/centralized_msgs/srv/UpdatePlannerAgents.srv:1,ros-types/centralized-msgs-srv-updateplanneragents.md
ros_type:centralized_msgs/srv/UpdatePlannerPriority,ros_type,centralized_msgs/srv/UpdatePlannerPriority,,backend/fog/planner/ros2ws/src/message_packages/centralized_msgs/srv/UpdatePlannerPriority.srv,,centralized_msgs,3,"[{""section"":""request"",""type"":""string"",""name"":""id""},{""section"":""request"",""type"":""uint8"",""name"":""priority""},{""section"":""response"",""type"":""string"",""name"":""id""}]",0,,,,,backend/fog/planner/ros2ws/src/message_packages/centralized_msgs/srv/UpdatePlannerPriority.srv:1,ros-types/centralized-msgs-srv-updateplannerpriority.md
ros_type:environment_msgs/msg/EnvironmentDataGetVersionRequest,ros_type,environment_msgs/msg/EnvironmentDataGetVersionRequest,,backend/fog/centralized-coordination/src/message_packages/environment_msgs/msg/EnvironmentDataGetVersionRequest.msg,,environment_msgs,1,"[{""section"":""message"",""type"":""unique_identifier_msgs/UUID"",""name"":""request_id""}]",0,,,,,backend/fog/centralized-coordination/src/message_packages/environment_msgs/msg/EnvironmentDataGetVersionRequest.msg:1,ros-types/environment-msgs-msg-environmentdatagetversionrequest.md
ros_type:environment_msgs/msg/EnvironmentDataGetVersionResponse,ros_type,environment_msgs/msg/EnvironmentDataGetVersionResponse,,backend/fog/centralized-coordination/src/message_packages/environment_msgs/msg/EnvironmentDataGetVersionResponse.msg,,environment_msgs,2,"[{""section"":""message"",""type"":""unique_identifier_msgs/UUID"",""name"":""request_id""},{""section"":""message"",""type"":""uint32"",""name"":""version_nr""}]",0,,,,,backend/fog/centralized-coordination/src/message_packages/environment_msgs/msg/EnvironmentDataGetVersionResponse.msg:1,ros-types/environment-msgs-msg-environmentdatagetversionresponse.md
ros_type:environment_msgs/msg/EnvironmentDataResetRequest,ros_type,environment_msgs/msg/EnvironmentDataResetRequest,,backend/fog/centralized-coordination/src/message_packages/environment_msgs/msg/EnvironmentDataResetRequest.msg,,environment_msgs,1,"[{""section"":""message"",""type"":""unique_identifier_msgs/UUID"",""name"":""request_id""}]",0,,,,,backend/fog/centralized-coordination/src/message_packages/environment_msgs/msg/EnvironmentDataResetRequest.msg:1,ros-types/environment-msgs-msg-environmentdataresetrequest.md
ros_type:environment_msgs/msg/EnvironmentDataResetResponse,ros_type,environment_msgs/msg/EnvironmentDataResetResponse,,backend/fog/centralized-coordination/src/message_packages/environment_msgs/msg/EnvironmentDataResetResponse.msg,,environment_msgs,2,"[{""section"":""message"",""type"":""unique_identifier_msgs/UUID"",""name"":""request_id""},{""section"":""message"",""type"":""uint8"",""name"":""result_status""}]",0,,,,,backend/fog/centralized-coordination/src/message_packages/environment_msgs/msg/EnvironmentDataResetResponse.msg:1,ros-types/environment-msgs-msg-environmentdataresetresponse.md
ros_type:environment_msgs/msg/EnvironmentDataUploadRequest,ros_type,environment_msgs/msg/EnvironmentDataUploadRequest,,backend/fog/centralized-coordination/src/message_packages/environment_msgs/msg/EnvironmentDataUploadRequest.msg,,environment_msgs,5,"[{""section"":""message"",""type"":""unique_identifier_msgs/UUID"",""name"":""request_id""},{""section"":""message"",""type"":""uint32"",""name"":""version_nr""},{""section"":""message"",""type"":""string<=10000"",""name"":""insert_geojson""},{""section"":""message"",""type"":""string<=10000"",""name"":""update_geojson""},{""section"":""message"",""type"":""string<=5000"",""name"":""delete_json""}]",0,,,,,backend/fog/centralized-coordination/src/message_packages/environment_msgs/msg/EnvironmentDataUploadRequest.msg:1,ros-types/environment-msgs-msg-environmentdatauploadrequest.md
ros_type:environment_msgs/msg/EnvironmentDataUploadResponse,ros_type,environment_msgs/msg/EnvironmentDataUploadResponse,,backend/fog/centralized-coordination/src/message_packages/environment_msgs/msg/EnvironmentDataUploadResponse.msg,,environment_msgs,2,"[{""section"":""message"",""type"":""unique_identifier_msgs/UUID"",""name"":""request_id""},{""section"":""message"",""type"":""uint8"",""name"":""result_status""}]",0,,,,,backend/fog/centralized-coordination/src/message_packages/environment_msgs/msg/EnvironmentDataUploadResponse.msg:1,ros-types/environment-msgs-msg-environmentdatauploadresponse.md
ros_type:environment_msgs/srv/EnvironmentDataGetVersion,ros_type,environment_msgs/srv/EnvironmentDataGetVersion,,backend/fog/centralized-coordination/src/message_packages/environment_msgs/srv/EnvironmentDataGetVersion.srv,,environment_msgs,3,"[{""section"":""request"",""type"":""unique_identifier_msgs/UUID"",""name"":""request_id""},{""section"":""response"",""type"":""unique_identifier_msgs/UUID"",""name"":""request_id""},{""section"":""response"",""type"":""uint32"",""name"":""version_nr""}]",0,,,,,backend/fog/centralized-coordination/src/message_packages/environment_msgs/srv/EnvironmentDataGetVersion.srv:1,ros-types/environment-msgs-srv-environmentdatagetversion.md
ros_type:environment_msgs/srv/EnvironmentDataReset,ros_type,environment_msgs/srv/EnvironmentDataReset,,backend/fog/centralized-coordination/src/message_packages/environment_msgs/srv/EnvironmentDataReset.srv,,environment_msgs,3,"[{""section"":""request"",""type"":""unique_identifier_msgs/UUID"",""name"":""request_id""},{""section"":""response"",""type"":""unique_identifier_msgs/UUID"",""name"":""request_id""},{""section"":""response"",""type"":""uint8"",""name"":""result_status""}]",0,,,,,backend/fog/centralized-coordination/src/message_packages/environment_msgs/srv/EnvironmentDataReset.srv:1,ros-types/environment-msgs-srv-environmentdatareset.md
ros_type:environment_msgs/srv/EnvironmentDataUpload,ros_type,environment_msgs/srv/EnvironmentDataUpload,,backend/fog/centralized-coordination/src/message_packages/environment_msgs/srv/EnvironmentDataUpload.srv,,environment_msgs,7,"[{""section"":""request"",""type"":""unique_identifier_msgs/UUID"",""name"":""request_id""},{""section"":""request"",""type"":""uint32"",""name"":""version_nr""},{""section"":""request"",""type"":""string<=10000"",""name"":""insert_geojson""},{""section"":""request"",""type"":""string<=10000"",""name"":""update_geojson""},{""section"":""request"",""type"":""string<=5000"",""name"":""delete_json""},{""section"":""response"",""type"":""unique_identifier_msgs/UUID"",""name"":""request_id""},{""section"":""response"",""type"":""uint8"",""name"":""result_status""}]",0,,,,,backend/fog/centralized-coordination/src/message_packages/environment_msgs/srv/EnvironmentDataUpload.srv:1,ros-types/environment-msgs-srv-environmentdataupload.md
ros_type:task_msgs/msg/Feedback,ros_type,task_msgs/msg/Feedback,,backend/fog/centralized-coordination/src/message_packages/task_msgs/msg/Feedback.msg,,task_msgs,4,"[{""section"":""message"",""type"":""string"",""name"":""agent_id""},{""section"":""message"",""type"":""uint8"",""name"":""state""},{""section"":""message"",""type"":""TaskFeedback[]"",""name"":""tasks""},{""section"":""message"",""type"":""nav_msgs/Odometry"",""name"":""odometry""}]",0,,,edge_feedback_completed,COMPLETED,backend/fog/centralized-coordination/src/message_packages/task_msgs/msg/Feedback.msg:1,ros-types/task-msgs-msg-feedback.md
ros_type:task_msgs/msg/TaskFeedback,ros_type,task_msgs/msg/TaskFeedback,,backend/fog/centralized-coordination/src/message_packages/task_msgs/msg/TaskFeedback.msg,,task_msgs,3,"[{""section"":""message"",""type"":""string"",""name"":""task_id""},{""section"":""message"",""type"":""uint8"",""name"":""task_state""},{""section"":""message"",""type"":""string"",""name"":""current_objective_id""}]",0,,,edge_feedback_completed,COMPLETED,backend/fog/centralized-coordination/src/message_packages/task_msgs/msg/TaskFeedback.msg:1,ros-types/task-msgs-msg-taskfeedback.md
ros_type:task_msgs/srv/AddTask,ros_type,task_msgs/srv/AddTask,,backend/fog/centralized-coordination/src/message_packages/task_msgs/srv/AddTask.srv,,task_msgs,7,"[{""section"":""request"",""type"":""string"",""name"":""task_id""},{""section"":""request"",""type"":""uint8"",""name"":""task_type""},{""section"":""request"",""type"":""bool"",""name"":""override""},{""section"":""request"",""type"":""string<=1048576"",""name"":""task_config""},{""section"":""request"",""type"":""string"",""name"":""std""},{""section"":""response"",""type"":""string"",""name"":""task_id""},{""section"":""response"",""type"":""uint8"",""name"":""task_state""}]",0,,,add_task,APPROVE,backend/fog/centralized-coordination/src/message_packages/task_msgs/srv/AddTask.srv:1,ros-types/task-msgs-srv-addtask.md
ros_type:task_msgs/srv/ChangeState,ros_type,task_msgs/srv/ChangeState,,backend/fog/centralized-coordination/src/message_packages/task_msgs/srv/ChangeState.srv,,task_msgs,3,"[{""section"":""request"",""type"":""uint8"",""name"":""requested_state""},{""section"":""response"",""type"":""uint8"",""name"":""state""},{""section"":""response"",""type"":""string<=1024"",""name"":""feedback""}]",0,,,,,backend/fog/centralized-coordination/src/message_packages/task_msgs/srv/ChangeState.srv:1,ros-types/task-msgs-srv-changestate.md
ros_type:task_msgs/srv/ChangeTaskState,ros_type,task_msgs/srv/ChangeTaskState,,backend/fog/centralized-coordination/src/message_packages/task_msgs/srv/ChangeTaskState.srv,,task_msgs,5,"[{""section"":""request"",""type"":""string"",""name"":""task_id""},{""section"":""request"",""type"":""uint8"",""name"":""task_requested_state""},{""section"":""response"",""type"":""string"",""name"":""task_id""},{""section"":""response"",""type"":""uint8"",""name"":""task_state""},{""section"":""response"",""type"":""string<=1024"",""name"":""feedback""}]",0,,,change_task_state,START,backend/fog/centralized-coordination/src/message_packages/task_msgs/srv/ChangeTaskState.srv:1,ros-types/task-msgs-srv-changetaskstate.md
